"ch","freq","newID","effort1","effort2","effort3","avgT","MAXT","MEANT","avwid","avdep","mFlow","pctrun","pctslow","pctBrBnk","HAiFLS_alt","HAiFLS_for","HAiFLS_nat","Area_km2","AvgSlope","Cross_Cat","HAiFLS_al2"
"000",1,"UPI_8",2133,1487,1810,18.7604122872873,23.9661111111111,21.9288194444444,6.91666666666667,0.36051724137931,0.302931034482759,0.695652173913043,4.16666666666667,1.75,86.0427628,3.8072126,13.1092787,25.2372933268,15.0359880027,0.752854109748113,7403.35703025707
"000",1,"UPI_11",496,356,426,13.1058896396396,20.1377777777778,16.7671759259259,2.10416666666667,0.107878787878788,0.333939393939394,0.166666666666667,0,0.416666666666667,38.6119499,61.3778419,61.3880501,1.81014783852,7.23810199284,1.10488213030999,1490.88267508011
"000",1,"UPI_13",1054,633,599,15.7792924174174,21.2822222222222,18.66375,3.65833333333333,0.439375,0.168125,0.291666666666667,37.5,2.70833333333333,81.7649384,14.4057808,18.2350636,4.63892549403,5.54239203048,0.862268645001465,6685.5051515558
"000",1,"UPI_16",518,323,317,15.9637212212212,21.9511111111111,18.7233796296296,1.5375,0.282222222222222,0.23,0.833333333333333,0,1.375,98.2360916,0.4850812,1.7639065,3.28467176026,6.73808229185,0.608888846732645,9650.32969284359
"000",1,"UPI_27",1643,1896,1770,17.02872997998,24.6411111111111,21.5668518518519,4.04458333333333,0.39,0.407291666666667,0.714285714285714,4.16666666666667,1.29166666666667,92.6484375,3.1386724,7.2487516,6.83745573936,14.6349844666,0.585012927685059,8583.73297119141
"000",1,"UPI_32",400,396,435,13.7694744744745,20.3288888888889,16.6847222222222,1.90833333333333,0.29,0.429583333333333,0.791666666666667,0,0.291666666666667,95.1725464,0,4.8272815,3.99869530802,14.0172374594,0.750244709563901,9057.81358826015
"000",1,"UPI_36",360,280,190,15.6311918168168,20.3288888888889,18.2514351851852,2.375,0.250588235294118,0.311764705882353,0.791666666666667,8.33333333333333,0.916666666666667,90.6212006,8.3160257,9.3787985,2.77933250175,10.3937556548,0.719597240970882,8212.20199818544
"000",1,"UPI_41",260,208,391,15.9725999137553,23.1453854700855,19.2873721296296,2.72083333333333,0.253714285714286,0.108857142857143,0.291666666666667,37.5,1.70833333333333,73.6208496,11.0559187,26.3791542,18.5190095963,18.7532503415,1.29596563332388,5420.02949582582
"000",1,"UPI_48",698,603,658,16.1247053303303,21.2822222222222,18.699537037037,3.4625,0.220444444444444,0.233555555555556,0.458333333333333,8.33333333333333,1.08333333333333,81.6328583,14.5001488,18.3671436,5.49087357086,12.9109852734,0.546361150240458,6663.92355422788
"000",1,"UPI_57",188,119,97,16.3691647897898,21.9511111111111,18.8619444444444,0.95,0.215416666666667,0.137083333333333,0.583333333333333,20.8333333333333,0.25,92.833313,1.6014369,7.1666837,1.22425879845,23.7733088742,1.63364151642785,8618.02400255597
"000",1,"UPI_75",338,237,310,15.0499286786787,19.8527777777778,18.156087962963,1.7,0.29125,0.405,0.791666666666667,0,0.208333333333333,94.9341354,0.0168676,5.0658636,3.31588059963,25.1875048662,0.603158026927498,9012.49006414553
"000",1,"UPI_84",122,141,167,16.1027884134134,21.0911111111111,18.9649305555556,2.11666666666667,0.163714285714286,0.209428571428571,0.75,8.33333333333333,0.791666666666667,91.6177826,7.4522662,8.3822136,2.32304687501,1.16846509682,0.430469144104419,8393.81808854086
"000",1,"UPI_93",441,310,488,13.6324242992993,19.3772222222222,16.1285648148148,1.63333333333333,0.175172413793103,0.170344827586207,0.458333333333333,16.6666666666667,0.0454545454545455,41.5553322,57.9315987,58.44384,2.63473553268,22.4678611417,0,1726.84563425236
"000",1,"UPI_96",2146,1481,969,18.0774868618619,24.9311111111111,22.2465046296296,4.8375,0.281041666666667,0.291875,0.458333333333333,4.16666666666667,1.79166666666667,84.6182861,8.7269726,14.9041452,20.3925576266,7.93174760511,0.882674960619989,7160.25434250145
"000",1,"UPI_108",1076,737,511,15.9725999137553,23.1453854700855,19.2873721296296,2.96666666666667,0.35972972972973,0.25972972972973,0.391304347826087,16.6666666666667,0.916666666666667,99.2879639,0.2732082,0.7120367,7.16108232991,8.66036962451,0.558574781816574,9858.0997754077
"000",1,"UPI_118",1323,1277,1233,17.9056412662663,23.5811111111111,21.9840509259259,5.4375,0.350434782608696,0.361276595744681,0.772727272727273,0,1.16666666666667,83.9352112,5.1532969,16.0647411,50.8892060641,19.4654993456,1.41483834330818,7045.11967918861
"000",1,"UPI_128",641,360,217,16.0193712462462,21.1872222222222,18.5765277777778,3.17083333333333,0.299189189189189,0.26027027027027,0.791666666666667,4.16666666666667,1.25,98.7795792,1.4e-06,1.2204174,5.43988959016,5.71026843925,0,9757.40526692907
"000",1,"UPI_135",697,627,267,15.859715965966,20.3288888888889,19.2979166666667,1.40833333333333,0.218666666666667,0.198333333333333,0.416666666666667,25,0.583333333333333,93.3201981,4.3185711,6.6798043,4.84535522874,25.8868853131,0.825532868317721,8708.65937342324
"000",1,"UPI_170",217,128,220,17.0161211211211,22.7172222222222,19.8069907407407,1.84583333333333,0.116666666666667,0.0875,0.458333333333333,54.1666666666667,0.625,30.5983658,69.2333908,69.4016342,1.43543310046,0.639089772191,0,936.25998963061
"000",1,"UPI_32b",442,503,424,16.0572891641642,22.0461111111111,20.1396759259259,1.98333333333333,0.303421052631579,0.310263157894737,0.91304347826087,0,0.416666666666667,95.5999222,2.6046841,4.3990974,5.33973929184,8.42197616864,1.1236503641983,9139.34512464605
"000",1,"UPI_57b",420,573,1025,18.1631131131131,33.3261111111111,23.8612037037037,3.00833333333333,0.364411764705882,0.104411764705882,0.291666666666667,45.8333333333333,3.16666666666667,88.2332001,8.9146099,11.7634087,12.4230490702,25.36550517,0.965946438124052,7785.09759988664
"000",1,"YEL_25",432,293,220,15.4952784034034,21.2822222222222,18.6203009259259,0.970833333333334,0.21,0.327083333333333,0.708333333333333,0,0,98.2294464,0,1.7705498,3.81724530205,7.22060252798,0.261969017150395,9649.02414005047
"000",1,"YEL_36",249,225,159,15.9725999137553,23.1453854700855,19.2873721296296,1.8625,0.171935483870968,0.167741935483871,0.583333333333333,12.5,0.75,49.866333,34.5244102,49.9774475,4.96826745081,18.2558443965,0.201277409056746,2486.65116686689
"000",1,"YEL_39",477,537,484,14.3789996246246,21.9511111111111,20.3731712962963,0.9125,0.349166666666667,0.110833333333333,0.208333333333333,4.16666666666667,0.541666666666667,8.0743074,2.6882932,91.9256897,0.333403294976,1.69511532678,0,65.1944399896948
"000",1,"YEL_41",739,554,555,17.6083395895896,25.805,21.8590509259259,2.97826086956522,0.234285714285714,0.242,0.416666666666667,16.6666666666667,1.70833333333333,88.883194,8.23351,10.8288403,2.04553677838,4.91803224031,0.488869234994625,7900.22217564164
"000",1,"YEL_57",234,234,234,19.8336949449449,26.0972222222222,23.8886111111111,1.39583333333333,0.283333333333333,0.362916666666667,0.75,0,0.333333333333333,97.7161102,0.6838439,2.2838922,3.37563244456,8.16232503414,0.296240783445351,9548.43819261855
"000",1,"YEL_80",570,720,392,15.9725999137553,23.1453854700855,19.2873721296296,3.35833333333333,0.210294117647059,0.12,0.291666666666667,45.8333333333333,0.666666666666667,16.2052765,83.5687485,83.794548,12.8766703397,8.71479535987,0.0776598277053739,262.610986441452
"000",1,"YEL_101",232,278,393,17.3414670920921,22.9077777777778,20.3228009259259,2.09583333333333,0.186896551724138,0.155862068965517,0.333333333333333,25,1.39130434782609,94.3425598,0.0014899,5.6470518,5.62257441657,10.2749542345,0.533563413791173,8900.51858961658
"000",1,"YEL_105",641,422,212,13.6240890890891,20.5188888888889,16.532662037037,2.54166666666667,0.119714285714286,0.303428571428571,0.333333333333333,0,0,74.811676,22.97715,25.1883221,5.87793778198,6.55195682349,0.510383081834773,5596.78686592898
"000",1,"YEL_113",164,101,148,18.6619557057057,27.8622222222222,24.0832407407407,1.32916666666667,0.1588,0.318,0.75,0,1.66666666666667,94.8393326,3.8025002,5.1606674,2.79821843791,8.48643259054,0,8994.49900801342
"000",1,"YEL_119",799,548,490,16.0241372622623,21.6638888888889,19.9325462962963,2.9625,0.35531914893617,0.187234042553191,0.708333333333333,16.6666666666667,0.833333333333333,28.3814011,69.4409866,70.9513321,20.1203207587,26.985357329,0.745514953757088,805.503928399081
"000",1,"YEL_129",436,407,348,15.5267774024024,21.0911111111111,18.5566666666667,1.225,0.3856,0.3816,0.833333333333333,8.33333333333333,0.0416666666666667,91.8724976,3.297807,8.1275063,3.28889035392,18.5509234987,0.304053918613647,8440.55581526201
"000",1,"YEL_150",290,218,160,15.5757094594595,21.9511111111111,18.4219444444444,1.82083333333333,0.1548,0.184,0.416666666666667,4.16666666666667,0.583333333333333,32.7077255,59.7135811,67.2903748,2.87186023906,8.03760796122,0,1069.79530738335
"000",1,"YEL_202",638,368,370,15.5838707457457,21.0911111111111,17.9342592592593,1.41666666666667,0.280416666666667,0.0566666666666667,0.166666666666667,66.6666666666667,0.583333333333333,98.3512726,1.5149685,1.6487247,1.245249923,43.4942543972,0.803051645721724,9672.97282203951
"000",1,"LMAQ_48",364,455,437,15.9725999137553,23.1453854700855,19.2873721296296,2.89166666666667,0.150555555555556,0.172777777777778,0.166666666666667,8.33333333333333,1.125,8.995862,85.8652039,91.0041351,1.66275196624,3.85641937773,0,80.925533123044
"000",1,"LMAQ_10",272,306,333,13.025909034034,19.5672222222222,16.9863425925926,2.9,0.131724137931035,0.19,0.291666666666667,20.8333333333333,1.33333333333333,29.8060303,64.7364883,70.1467209,3.2726335932,2.45567938288,0.305564302119809,888.399442244518
"000",1,"LMAQ_28b",283,353,384,59.9643763513514,71.339,66.57215,1.90833333333333,0.239411764705882,0.0858823529411765,0.416666666666667,33.3333333333333,0.416666666666667,93.4284058,1.7467092,6.5403237,5.43055890752,12.3513120204,0.920715544228094,8728.86701032947
"000",1,"UPI_23",504,1223,673,14.2809672619048,17.855,15.6469675925926,2.01875,0.241578947368421,0.304473684210526,0.875,0,0.458333333333333,77.8466034,3.3422244,22.1533966,9.22708263311,10.4114041884,1.08376616939752,6060.09366091689
"000",1,"UPI_25",1498,1009,3752,13.4965784832452,17.1888888888889,14.7022916666667,3.74375,0.385744680851064,0.233404255319149,0.916666666666667,4.16666666666667,0.0833333333333333,93.1652756,0.3393331,6.761116,15.6901561644,27.9246710899,1.01974765785334,8679.76857762396
"000",1,"UPI_112",1332,1162,893,19.4769003527337,25.7077777777778,22.7942361111111,3.3875,0.275208333333333,0.217708333333333,0.291666666666667,41.6666666666667,1.79166666666667,95.4528275,3.1159301,4.0351295,8.88046126633,21.069059305,0.337820289963361,9111.24227774476
"000",1,"UPI_153",1804,1739,2876,9.67516754850088,9.965,9.75951388888889,11.2083333333333,0.604375,0.167083333333333,0.166666666666667,0,0.25,0.118678,99.8813248,99.8813248,0.0682363218789,0.351385945649,0,0.014084467684
"000",1,"YEL_5",359,391,487,18.701576829806,24.255,21.1086111111111,1.575,0.135652173913043,0.139782608695652,0.25,0,0.708333333333333,92.3815384,0,7.6184626,1.44516003834,3.93587193335,6.91964885182309,8534.34863715067
"000",1,"YEL_9",3463,1482,1739,17.7707534171076,23.5811111111111,20.6140277777778,5.74583333333333,0.233043478260869,0.246739130434783,0.291666666666667,4.16666666666667,0.875,94.8461838,1.7673345,5.1498499,0.729898588992,4.93607760952,0,8995.79858142338
"000",1,"YEL_21",243,252,257,16.7098484347443,19.9477777777778,18.8737731481481,1.40208333333333,0.103333333333333,0.0523076923076923,0.5,16.6666666666667,1.08333333333333,30.7772827,67.9425278,68.8876801,1.87547622779,0.913514400826,0,947.241130395719
"000",1,"YEL_37",375,426,382,15.3143231922399,20.1377777777778,17.2997916666667,0.81875,0.189166666666667,0.161666666666667,0.75,16.6666666666667,0.625,97.5562057,0.2349563,2.4437981,2.01959238495,3.18033157881,0.990298841936619,9517.21327058071
"000",1,"YEL_44",1149,682,500,16.3990762786596,19.3772222222222,18.2315046296296,1.81666666666667,0.271219512195122,0.13390243902439,0.416666666666667,20.8333333333333,0.625,94.245079,4.1289063,5.7544026,12.9499138289,14.8839254485,0.617764728452988,8882.13491571624
"000",1,"YEL_53",555,390,477,16.4946781305115,20.9011111111111,18.2474768518519,1.07083333333333,0.200833333333333,0.175,0.625,8.33333333333333,0.916666666666667,95.8564377,0.0009706,4.1435595,1.51424420528,4.82215312629,0,9188.45664853398
"000",1,"YEL_54",2509,3400,2190,19.3083278218695,25.61,21.7840740740741,6.35416666666667,0.415,0.382916666666667,0.833333333333333,0,1.91666666666667,87.9351425,8.2976236,11.7426567,12.2652371574,12.1116129696,3.01665589708363,7732.58928649531
"000",1,"YEL_85",1153,802,978,19.1214770723104,25.125,22.76,3.18125,0.309347826086957,0.224782608695652,0.541666666666667,12.5,1.16666666666667,86.9431915,7.4326973,13.0503998,9.10658526881,14.0928601477,0.439242579070772,7559.11854820567
"000",1,"YEL_89",334,314,320,14.4393805114638,19.4722222222222,17.7875462962963,1.15833333333333,0.209583333333333,0.214583333333333,0.625,4.16666666666667,0.0833333333333333,87.7385254,4.64e-05,11.1651955,2.03906312991,7.22395286188,0.980842608874143,7698.04883936645
"000",1,"YEL_106",850,572,574,15.5794003527337,22.0461111111111,17.4660185185185,3.03125,0.162916666666667,0.162916666666667,0.375,8.33333333333333,1.875,79.9727859,15.5419941,16.689621,4.26408492986,16.565443184,1.40710142942603,6395.64648460724
"000",1,"YEL_109",452,493,446,13.6350038580247,18.7111111111111,15.1001157407407,1.85,0.243333333333333,0.0975,0.458333333333333,29.1666666666667,1.5,93.7376175,0.2115441,6.2623806,1.51470173485,7.81108735729,0.660195982477718,8786.74093457631
"000",1,"YEL_118",355,762,867,15.1159650573192,22.4288888888889,18.9690740740741,3.54782608695652,0.247826086956522,0.0982608695652174,0.166666666666667,33.3333333333333,1.54166666666667,81.4273682,17.2362919,18.5726223,8.00141551335,5.79038539262,0.624889432583238,6630.41629197837
"000",1,"YEL_121",387,515,483,16.2910604056437,22.4288888888889,18.4859722222222,1.55625,0.117241379310345,0.214827586206897,0.375,0,1.08333333333333,91.6129227,1.9770584,8.3870745,0.930192977411,4.02254585917,0,8392.92760563618
"000",1,"YEL_125",767,564,1167,19.6995908408408,25.9022222222222,23.9355787037037,1.59375,0.286666666666667,0.18375,0.458333333333333,8.33333333333333,0.916666666666667,84.4813538,8.0859833,13.971139,3.2583324287,12.3186166229,1.84143273631348,7137.09913988077
"000",1,"YEL_153",1462,2099,3251,17.9111342592593,24.545,20.4574768518519,4.8,0.381914893617021,0.233617021276596,0.208333333333333,8.33333333333333,0.75,94.9934464,1.710794,5.002213,9.89795803195,18.7444631501,0.202061879181961,9023.75485894967
"000",1,"YEL_154",1564,1895,1590,18.4875242504409,24.4477777777778,22.5996759259259,3.42916666666667,0.227111111111111,0.0675555555555556,0.125,50,1.45833333333333,82.4076309,13.6225748,16.9081573,14.2233823852,18.8523413434,0.843681177585894,6791.01763055063
"000",1,"YEL_157",406,413,334,13.7674222883598,18.6161111111111,15.4660648148148,2.47083333333333,0.13531914893617,0.107021276595745,0.291666666666667,8.33333333333333,1.5,94.6963882,2.9230087,5.3036137,2.80920645061,11.3519794056,0.355972413413353,8967.4059381251
"000",1,"YEL_169",381,340,361,14.1434099426808,17.855,16.625462962963,1.15,0.141666666666667,0.297083333333333,0.75,4.16666666666667,0.0833333333333333,97.73806,1.2734195,2.2619388,1.10419851889,9.3146886962,0,9552.7283725636
"000",1,"YEL_173",1246,1081,1252,16.8494802689594,23.5811111111111,18.9626157407407,2.05416666666667,0.298958333333333,0.2875,0.666666666666667,8.33333333333333,1.125,91.1076202,5.4718719,8.8923817,2.31503609891,2.63331111469,0,8300.59845850745
"000",1,"YEL_177",299,332,471,18.155667989418,23.5811111111111,22.2182175925926,1.0125,0.130416666666667,0.30875,0.625,0,0.625,94.5508347,2.9596531,3.5575137,1.91863059147,4.78077004705,0.521205074309708,8939.86034246672
"000",1,"YEL_189",609,597,487,15.3587852733686,20.9011111111111,17.0592824074074,2.19583333333333,0.174565217391304,0.238260869565217,0.608695652173913,4.16666666666667,2.08333333333333,97.5201416,2.1779046,2.4798613,4.18189631628,8.24251519971,1.19562983437326,9510.17801768405
"000",1,"LMAQ_9",859,837,471,14.9523963844797,31.4722222222222,21.2130324074074,2.08125,0.586666666666667,0.123095238095238,0.458333333333333,29.1666666666667,0.333333333333333,1.3182127,98.6817856,98.6817856,1.90963010288,36.3605714885,0,1.73768472244129
"000",1,"LMAQ_22",707,593,672,15.5963188932981,31.4722222222222,21.8175694444444,2.24375,0.201,0.10675,0.208333333333333,29.1666666666667,1.25,43.6777534,53.7632866,56.1921501,3.81555736677,15.8016765882,0,1907.74614207121
"101",1,"UPI_1",537,575,351,13.3717967967968,20.71,17.421875,3.125,0.332666666666667,0.175111111111111,0.375,20.8333333333333,1.33333333333333,58.6448364,39.1816711,41.3490601,9.1326982674,25.2907742497,0.547483323504506,3439.21683638277
"001",1,"UPI_10",1310,1447,1067,15.3055305305305,20.805,18.4495601851852,3.825,0.462083333333333,0.319154929577465,0.782608695652174,4.16666666666667,1.875,90.6259918,0.0171744,9.3537235,18.1424096868,21.3855509343,1.04726992323539,8213.07038973367
"011",1,"UPI_12",350,339,437,14.92754004004,20.6333333333333,17.7402777777778,2.05833333333333,0.183541666666667,0.114375,0.333333333333333,25,1.41666666666667,69.1975632,25.6601162,30.8024406,3.83447967629,8.04167625908,0.782374729627622,4788.30275281799
"010",1,"UPI_14",417,429,199,15.0425475475475,20.9961111111111,18.7827083333333,2.575,0.240212765957447,0.243191489361702,0.583333333333333,4.16666666666667,0.583333333333333,25.2236767,72.1483536,74.7287979,10.7978725133,10.8806484494,0.740886687645757,636.233866266123
"100",1,"UPI_18",781,739,531,16.0150563063063,21.2822222222222,19.3814814814815,2.9,0.159166666666667,0.0664583333333333,0.125,58.3333333333333,1.625,85.1287079,6.680882,14.8607607,16.5727510056,17.0303139648,0.724080147945574,7246.89690872352
"111",1,"UPI_22",334,547,317,15.4286361361361,21.3777777777778,18.7746296296296,2.18333333333333,0.260322580645161,0.268387096774193,0.458333333333333,0,0.791666666666667,97.8261032,0.0007945,2.0670819,7.84405038447,7.11785125266,1.52982189198557,9569.94646729705
"101",1,"UPI_26",2375,2435,2405,18.0072791541542,31.5738888888889,23.1805787037037,5.72916666666667,0.281458333333333,0.37625,0.35,16.6666666666667,0.916666666666667,80.4846191,12.4863567,19.1248531,21.0185997686,21.547122953,0.999115080509417,6477.77391167208
"001",1,"UPI_34",1054,701,1411,12.900777027027,20.615,16.6888657407407,3.2625,0.300555555555556,0.116666666666667,0.333333333333333,16.6666666666667,1.04166666666667,63.3477173,35.5497017,36.2947655,5.64815626478,5.62476876498,0.354097851801893,4012.93328712072
"111",1,"UPI_35",2124,1764,1950,14.3813607357357,20.9961111111111,17.2473611111111,5.925,0.347045454545455,0.195727272727273,0.375,16.6666666666667,0.625,81.0025711,18.2874947,18.997427,14.8796878862,12.8135275688,1.00808566111871,6561.41652481055
"111",1,"UPI_38",891,471,525,15.8816266266266,21.1872222222222,18.6836111111111,2.3375,0.404864864864865,0.238108108108108,0.833333333333333,8.33333333333333,0.833333333333333,92.5337143,4.9718437,7.4058247,6.03918779314,6.69710150178,1.98702216440942,8562.48828215403
"101",1,"UPI_61",380,166,166,14.3232864114114,21.1872222222222,17.9340277777778,2.25,0.1925,0.178928571428571,0.0833333333333333,12.5,0.333333333333333,62.6055145,34.8816223,37.1824532,1.42496221662,5.84534614207,0,3919.45044580971
"111",1,"UPI_85",949,490,427,13.9197491241241,20.2338888888889,17.6680787037037,3.5304347826087,0.248,0.204,0.130434782608696,12.5,0.625,41.6629295,57.5264244,57.5964241,11.5763287151,19.5448791998,0.172766344945892,1735.79969452197
"111",1,"UPI_86",448,475,545,11.6331719219219,19.7577777777778,14.5513657407407,2.85833333333333,0.223611111111111,0.231944444444444,0.333333333333333,12.5,1.66666666666667,75.464859,16.0228348,24.5351372,3.47060526689,4.0487992423,0.864402537684239,5694.94494388988
"100",1,"UPI_109",931,261,262,15.5147766516517,21.5688888888889,18.9732638888889,3.77083333333333,0.229310344827586,0.237241379310345,0.5,8.33333333333333,0.625,74.9416809,24.677969,25.0583153,6.05342841518,11.5302965496,0.660782572396383,5616.25553611742
"111",1,"UPI_117",1038,593,480,12.8926457707708,21.4727777777778,16.6258796296296,3.52083333333333,0.240714285714286,0.187619047619048,0.333333333333333,20.8333333333333,0.291666666666667,35.6902733,64.0907898,64.1711426,9.91821668346,10.3501272153,0.20164915365635,1273.79560822869
"111",1,"UPI_123",1090,929,1284,16.3093812562563,21.1872222222222,18.4933101851852,4.45416666666667,0.305454545454545,0.234545454545454,0.521739130434783,8.33333333333333,1.08333333333333,72.9326935,23.0814247,26.9482479,22.5305728664,17.9088663845,0.887682710892191,5319.17778116494
"111",1,"UPI_130",406,653,530,14.2829823573574,21.6638888888889,18.2037731481481,2.925,0.285789473684211,0.0673684210526316,0.208333333333333,41.6666666666667,0.416666666666667,52.8709679,39.1104546,47.1277695,7.57489106938,23.4727578096,0.660075498671065,2795.33924668283
"111",1,"UPI_149",2178,2164,1094,13.6347685185185,20.615,16.5852546296296,5.43333333333333,0.395531914893617,0.225744680851064,0.130434782608696,41.6666666666667,0.458333333333333,52.608532,43.5465355,46.2756729,16.2083220712,9.96626378294,0.370180205800648,2767.65763919502
"111",1,"UPI_154",1593,1509,1473,15.2284841091091,20.9011111111111,18.4892592592593,3.92083333333333,0.310810810810811,0.231351351351351,0.208333333333333,37.5,0.25,77.6332779,13.6107121,21.9935017,12.0185988824,12.0519042601,0.74883936872039,6026.92583749863
"111",1,"UPI_156",443,358,437,10.161534034034,11.625,10.7275925925926,3.33333333333333,0.197,0.2665,0.25,12.5,0.583333333333333,45.4363937,54.1856232,54.5636063,1.98241709996,7.80014460819,0,2064.4658724614
"111",1,"UPI_157",1260,1262,804,14.6140015015015,21.1872222222222,19.7186342592593,5.74583333333333,0.432083333333333,0.178125,0.521739130434783,4.16666666666667,0.416666666666667,70.9686203,21.1315403,28.9041824,29.216932805,19.832467094,0.547627641367675,5036.54506728557
"111",1,"UPI_163",615,552,402,14.7485241491491,20.9961111111111,18.1166898148148,4.34583333333333,0.247555555555556,0.135333333333333,0.375,25,0.5,59.1982231,40.6095695,40.801712,11.2180347874,14.3105837229,1.06970607841922,3504.42961819737
"111",1,"UPI_14b",527,413,586,13.6783602352352,20.9961111111111,18.140162037037,2.57083333333333,0.339375,0.3084375,0.416666666666667,33.3333333333333,0,34.1191406,64.087616,65.8610153,9.50311147822,12.617586921,0.210457385939727,1164.11575528257
"111",1,"UPI_201",512,432,401,12.1893931431431,17.855,14.2394444444444,4.625,0.171111111111111,0.253428571428571,0.291666666666667,12.5,0,72.340271,19.5544434,27.6389523,3.70939178978,9.95163970774,0.539171948757297,5233.11480835344
"111",1,"UPI_202",670,380,380,13.3164614614615,19.8527777777778,17.0815972222222,2.85,0.202424242424242,0.512727272727273,0.304347826086957,0,0.35,62.7959518,30.7904701,37.2040482,4.04378662415,11.1202273327,0.741878906785938,3943.33156246792
"111",1,"YEL_1",2200,1072,1133,17.5538863863864,23.8688888888889,22.05375,5.99583333333333,0.324375,0.265,0.583333333333333,8.33333333333333,0.916666666666667,93.4841156,3.7210562,6.4884076,5.22784912796,12.3682036514,0.382566510824392,8739.27986951416
"111",1,"YEL_4",884,631,410,14.9207094594595,32.6,21.9464583333333,2.4,0.166285714285714,0.336,0.5,0,0.166666666666667,87.6966858,8.1076403,12.3033171,13.3601556183,10.288571641,0.673644847944159,7690.70870030392
"001",1,"YEL_17",203,260,450,17.1538100600601,28.3572222222222,23.1765046296296,2.17708333333333,0.3172,0.4924,0.91304347826087,4.16666666666667,0.166666666666667,95.0303802,1.6840376,4.9696226,5.77456248237,17.2520703595,0.692693171510773,9030.77316095655
"111",1,"YEL_20",1987,1464,1064,17.6584553303303,23.7727777777778,20.9804166666667,4.3875,0.225,0.191739130434783,0.166666666666667,8.33333333333333,0.708333333333333,74.9798508,19.3974342,23.8105583,5.06711677349,7.45221129671,0,5621.97802599026
"101",1,"YEL_29",476,504,313,18.9616485235235,24.7377777777778,23.3497453703704,2.65,0.231935483870968,0.191612903225806,0.375,16.6666666666667,0.166666666666667,78.7865143,11.331625,18.3821888,3.80286817932,18.3339773428,0.788878251503432,6207.3148355441
"111",1,"YEL_40",1173,674,1484,17.4095651901902,27.37,22.7101157407407,6.14583333333333,0.2475,0.366458333333333,0.391304347826087,8.33333333333333,0.208333333333333,81.7935562,14.6147203,17.1256542,9.66771648855,7.02611265172,0.310311127095324,6690.18583584256
"010",1,"YEL_52",214,276,882,17.2373154404404,22.6211111111111,20.7306944444444,1.89166666666667,0.226923076923077,0.474230769230769,0.708333333333333,0,0.833333333333333,80.2501678,9.0536451,10.3867998,1.81446159718,5.99052098059,0,6440.08943192816
"111",1,"YEL_56",531,357,664,15.9725999137553,23.1453854700855,19.2873721296296,3.07916666666667,0.250571428571429,0.197714285714286,0.458333333333333,12.5,0.833333333333333,46.1051598,51.2126541,53.6140747,10.2374731897,24.5820929216,0.195360706977208,2125.68576018354
"111",1,"YEL_65",692,484,418,16.9411636636637,26.7811111111111,20.635625,1.79583333333333,0.194444444444445,0.335277777777778,0.583333333333333,0,1,91.6904831,4.9131527,7.9753165,4.81383722391,7.76818269428,0.623203457129627,8407.14469111139
"101",1,"YEL_73",717,717,717,17.6376889389389,23.1,20.9844444444444,2.91666666666667,0.441481481481481,0.391851851851852,0.909090909090909,0,0.416666666666667,92.8608704,1.6613392,7.1390204,2.61575554707,19.5274404343,1.14689616289275,8623.1412514456
"110",1,"YEL_77",663,412,529,17.797088963964,23.7727777777778,21.5436805555556,2.8375,0.312727272727273,0.361515151515152,0.347826086956522,16.6666666666667,0.5,91.3974228,3.0320177,7.7862539,7.76788473564,24.3102591912,1.41608692383535,8353.48889448196
"111",1,"YEL_82",630,515,818,16.3886749249249,35.0088888888889,23.638587962963,3.83333333333333,0.305227272727273,0.232272727272727,0.291666666666667,25,0.208333333333333,38.1461182,61.8455505,61.8538818,5.56262393916,10.24844092,0,1455.12633372837
"100",1,"YEL_103",838,621,377,15.3317173423423,21.4727777777778,17.9855324074074,2.60833333333333,0.157777777777778,0.228888888888889,0.434782608695652,16.6666666666667,0.5,5.2930517,94.6966782,94.7069473,5.22705804711,5.6315063431,0,28.0163962988729
"111",1,"YEL_120",1290,984,855,15.9725999137553,23.1453854700855,19.2873721296296,4.5125,0.234090909090909,0.202727272727273,0.5,16.6666666666667,1.20833333333333,53.3406868,41.5897789,46.4132423,14.7159859024,16.1166300483,0.951346385682305,2845.22886829569
"011",1,"YEL_161",837,1358,657,16.9123986486486,22.8122222222222,20.0139351851852,3.25,0.252162162162162,0.229459459459459,0.458333333333333,16.6666666666667,0.916666666666667,94.3308792,2.7802911,5.6689916,6.0925192185,6.32038247565,1.31308572252147,8898.31477064499
"111",1,"YEL_178",1893,1834,1528,15.2459340590591,21.6638888888889,18.0572222222222,4.62916666666667,0.303888888888889,0.245,0.5,29.1666666666667,0.5,36.8638763,60.1216202,62.6018257,7.07252648795,18.0418132604,0.141392188732524,1358.9453758617
"111",1,"YEL_193",1110,1140,1886,16.4280086336336,23.1,19.7394212962963,7.5,0.375111111111111,0.315555555555556,0.291666666666667,29.1666666666667,0.791666666666667,78.6379547,16.8383675,21.0119781,25.0692313885,13.6082635563,0.558453499552532,6183.92791939925
"111",1,"YEL_201",1123,995,766,15.1415077577578,21.6638888888889,18.2513425925926,2.9125,0.329487179487179,0.222820512820513,0.416666666666667,12.5,0.625,42.5711327,55.9356232,57.4284515,8.58196495317,10.7279684719,0.815664016131218,1812.30133936101
"111",1,"YEL_203",1509,789,1427,11.298348973974,18.4261111111111,13.3194907407407,6.43333333333333,0.413541666666667,0.349375,0.5,4.16666666666667,1.45833333333333,92.2485962,5.0032735,7.7512555,28.4071363922,16.3369036187,1.33769203186682,8509.80350087065
"111",1,"YEL_204",1775,1830,1720,11.0292655155155,14.23,13.6253240740741,4.54583333333333,0.419166666666667,0.205416666666667,0.25,50,0.916666666666667,85.4729691,12.9460535,14.5270329,0.464157599342,0.918692766573,0,7305.62844676956
"101",1,"LMAQ_5",593,713,653,16.7971696696697,22.525,20.3291666666667,2.88333333333333,0.146111111111111,0.15,0.208333333333333,25,1.25,50.6438332,47.939209,49.3561668,4.95255340483,16.9161500024,0.807664183105826,2564.79784118942
"011",1,"LMAQ_17",888,786,813,15.9725999137553,23.1453854700855,19.2873721296296,4.8,0.237234042553192,0.176382978723404,0.208333333333333,29.1666666666667,0.416666666666667,39.6410332,59.9917831,60.3040924,7.56569143557,20.9399138317,0.264351251571935,1571.4115131635
"111",1,"LMAQ_24",868,520,488,14.9738338338338,20.1377777777778,18.2475462962963,3.47916666666667,0.244761904761905,0.146190476190476,0.333333333333333,33.3333333333333,0.833333333333333,34.4766541,58.1847878,65.3808441,5.74362079296,56.7544702689,0,1188.63967793105
"010",1,"LMAQ_61",1875,1456,1552,19.0837743993994,24.6411111111111,22.6255555555556,5.6375,0.296304347826087,0.181086956521739,0.416666666666667,16.6666666666667,0.625,51.0857277,44.912468,48.7585182,17.7468156394,15.7298040242,0.563481370584525,2609.75157463855
"100",1,"UPI_28",2276,2294,1939,15.6716313932981,19.9477777777778,18.1602546296296,5.3875,0.27,0.28468085106383,0.333333333333333,20.8333333333333,0.625,76.0073166,12.1601791,23.4498863,24.2131372692,11.8555841377,0.702098196156705,5777.11217673263
"100",1,"UPI_70",597,812,511,15.7765795855379,20.615,18.287037037037,3.37916666666667,0.18875,0.120416666666667,0.291666666666667,12.5,0.75,37.6862144,62.1048622,62.3137856,10.6732240441,9.5919356101,0.562154413250297,1420.25075580277
"111",1,"UPI_73",1590,2723,798,12.312054122575,16.0461111111111,13.6711111111111,3.05625,0.255208333333333,0.197083333333333,0.375,20.8333333333333,0.375,58.202919,40.6795349,41.775425,14.0322953929,20.2811460797,0.0712641782402882,3387.57978012056
"100",1,"UPI_78",1045,1053,757,16.5074520502646,26.0972222222222,19.4758796296296,3.93541666666667,0.149375,0.360208333333333,0.791666666666667,0,1.16666666666667,23.7121487,74.7585602,76.2878494,14.7407404036,7.61053849202,0.203517592594422,562.265995970912
"100",1,"UPI_78b",268,267,268,9.79257550705467,14.7088888888889,10.3484722222222,1.91666666666667,0.114117647058824,0.251176470588235,0.333333333333333,25,1.54166666666667,0.5363037,93.3640213,99.4636993,2.66039408868,12.6809169038,0,0.28762165863369
"111",1,"UPI_151",1082,971,1167,15.1696604938272,25.5127777777778,21.0027083333333,3.91875,0.271458333333333,0.536041666666667,0.25,4.16666666666667,0.791666666666667,84.3685837,13.1353903,15.4623003,4.97558556567,9.02299262255,1.20588821573045,7118.05791554391
"111",1,"YEL_24",800,1001,869,16.0901058201058,21.9511111111111,18.6837268518519,3.45416666666667,0.23375,0.169791666666667,0.291666666666667,12.5,0.833333333333333,87.0407562,9.9703712,10.8948669,6.97618309716,14.9494473385,0.430034584559757,7576.09323986784
"111",1,"YEL_28",958,1079,787,14.9451890432099,31.1661111111111,17.2352083333333,4.46875,0.21,0.282083333333333,0.333333333333333,16.6666666666667,0.583333333333333,82.1075363,14.0129747,17.8924637,3.18653755318,11.7178691692,0.627640492736106,6741.64751725582
"111",1,"YEL_42",1443,1439,1762,14.8451399911817,20.3288888888889,16.1628472222222,4.33541666666667,0.168541666666667,0.39375,0.5,4.16666666666667,0.666666666666667,80.0296478,18.1296501,19.9625835,8.86002082454,18.7732680379,0.677199311245582,6404.74452699205
"111",1,"YEL_49",1092,2198,1379,19.0755709876543,26.0972222222222,22.5975462962963,4.475,0.242916666666667,0.497708333333333,0.521739130434783,0,0.875,87.3495483,8.8935728,11.7374506,6.49866735699,25.2438970593,0.615510808642572,7629.94358821403
"011",1,"YEL_50",585,640,685,15.7901609347443,23.0038888888889,18.1644212962963,2.86458333333333,0.240444444444444,0.195777777777778,0.166666666666667,33.3333333333333,1.29166666666667,19.5451393,80.3038635,80.4548645,5.70962927095,23.6511452939,0.350285439752769,382.012470256404
"111",1,"YEL_58",2474,3988,2336,19.2584920634921,24.9311111111111,22.1712268518519,6.86521739130435,0.341041666666667,0.289166666666667,0.458333333333333,33.3333333333333,3,75.0809097,21.3140755,24.3484344,11.9135198359,15.5665916927,0.335752997862686,5637.14300137956
"111",1,"YEL_72",320,411,477,15.3390817901235,31.5738888888889,18.2380787037037,2.425,0.148409090909091,0.245454545454545,0.291666666666667,16.6666666666667,0.958333333333333,60.5271111,39.1107292,39.4728889,1.60884169569,4.94476217802,0,3663.53117811174
"111",1,"YEL_81",1157,1179,863,16.8215674603175,23.6772222222222,19.6090740740741,3.73333333333333,0.302127659574468,0.423191489361702,0.75,4.16666666666667,0.916666666666667,95.8915939,0.3145927,4.1084032,13.2298939176,16.279990728,0.982623147318349,9195.19778068252
"111",1,"YEL_97b",1425,1107,1909,12.7594025573192,15.4727777777778,13.9122685185185,3.46666666666667,0.188958333333333,0.374583333333333,0.416666666666667,4.16666666666667,0.333333333333333,76.6585999,13.8561373,18.9268742,10.2905916049,14.7014847231,1.06893757155441,5876.54093862828
"111",1,"YEL_118b",708,855,864,14.0613888888889,17.76,16.6810185185185,2.58333333333333,0.199166666666667,0.235416666666667,0.375,4.16666666666667,0.833333333333333,87.717453,11.4105396,12.2463818,4.19627000935,15.6983163621,0.238306876767184,7694.35156080721
"111",1,"YEL_140",608,855,614,14.6244802689594,26.195,16.87375,2.84583333333333,0.183333333333333,0.308541666666667,0.375,8.33333333333333,1.95833333333333,48.7950325,49.5317574,51.2049675,5.69662381313,11.5640458212,0,2380.95519667606
"111",1,"YEL_165",3907,3622,1609,18.8757027116402,25.3188888888889,21.8503009259259,5.71458333333333,0.352291666666667,0.266458333333333,0.5,16.6666666666667,1.25,93.4417267,3.9886549,6.5337276,12.0572380632,10.3671832363,0.49762640237756,8731.35628867749
"111",1,"YEL_168",1863,1219,1780,14.5374680335097,31.4722222222222,18.0248148148148,3.75,0.308695652173913,0.181739130434783,0.541666666666667,12.5,0.25,82.4850388,12.8519182,17.4631538,8.96893942935,16.9191676825,1.11495902930016,6803.78162583751
"010",1,"YEL_190",667,620,1008,16.7980853174603,21.6638888888889,19.1830092592593,2.725,0.277708333333333,0.279375,0.458333333333333,4.16666666666667,1.125,50.2751656,48.5575371,49.7248344,4.54069288471,8.62585830401,0.880922824238853,2527.59227610742
"111",1,"LMAQ_8",1271,911,1213,14.0843055555556,30.3561111111111,19.5150231481481,3.22916666666667,0.164565217391304,0.427391304347826,0.541666666666667,0,1.95833333333333,6.6524205,90.1195068,93.0334854,2.98336248416,12.5610660145,0,44.2546985088202
"111",1,"LMAQ_15",878,448,1471,14.5260108024691,32.7038888888889,19.6573611111111,2.90625,0.211063829787234,0.316595744680851,0.458333333333333,4.16666666666667,1,36.0624123,61.2558517,63.9375877,8.22950388179,8.32671900347,0.48605603174343,1300.49758089519
"110",1,"LMAQ_20",528,688,608,14.6968794091711,32.0861111111111,19.9867592592593,2.41458333333333,0.113191489361702,0.235212765957447,0.25,8.33333333333333,0.541666666666667,1.2252834,98.6865692,98.7747192,2.16667355653,14.5884390358,0,1.50131941031556
"111",1,"LMAQ_23",437,552,495,13.3606095679012,31.2677777777778,18.6224768518519,1.70625,0.141025641025641,0.275897435897436,0.375,12.5,0.208333333333333,29.4993629,70.4950867,70.4964447,2.22384581152,2.96142636464,0,870.212411505897
"111",1,"LMAQ_26",844,651,879,15.3134749779541,30.4572222222222,20.0203703703704,2.89166666666667,0.17304347826087,0.307826086956522,0.416666666666667,4.16666666666667,0.541666666666667,23.9184952,74.9590683,76.0815048,7.65496742242,10.5186817367,0.130634128771232,572.094412632423
