"newID","HUC8","HUC_10","HUC_12","BRT","BRT_ab","BKT","BKT_ab","LND","LND_ab","SRD","SRD_ab","Cottus","Cottus_ab","LND_CPUE","SRD_CPUE","Cottus_CPUE","BRT_CPUE","SegLen","avwid","avdep","pctfines","pctcbbl","pctrock","mFlow","pctriffle","pctrun","pctpool","BrBank","Canopy","MEANT","HAiFLS_alt","HAiFLS_for"
"UPI_1","UPI",706000206,70600020603,"1",14,"0",0,"0",0,"0",0,"0",0,0,0,0,4.86111111111111,288,3.125,0.332666666666667,53.3333333333333,42.2222222222222,44.4444444444444,0.175111111111111,50,0.375,20.8333333333333,1.33333333333333,27.8219395866455,17.421875,58.6448364,39.1816711
"UPI_8","UPI",706000202,70600020207,"0",0,"0",0,"1",2,"1",1,"0",0,0.444444444444444,0.222222222222222,0,0,450,6.91666666666667,0.36051724137931,31.5789473684211,57.8947368421053,66.6666666666667,0.302931034482759,20.8333333333333,0.695652173913043,4.16666666666667,1.75,21.4714714714715,21.9288194444444,86.0427628,3.8072126
"UPI_10","UPI",706000203,70600020302,"1",1,"0",0,"0",0,"0",0,"0",0,0,0,0,0.222222222222222,450,3.825,0.462083333333333,70.8333333333333,18.0555555555556,29.1666666666667,0.319154929577465,4.16666666666667,0.782608695652174,4.16666666666667,1.875,2.70270270270269,18.4495601851852,90.6259918,0.0171744
"UPI_11","UPI",706000204,70600020405,"0",0,"0",0,"0",0,"0",0,"0",0,0,0,0,0,150,2.10416666666667,0.107878787878788,12.1212121212121,87.8787878787879,87.8787878787879,0.333939393939394,83.3333333333333,0.166666666666667,0,0.416666666666667,88.963963963964,16.7671759259259,38.6119499,61.3778419
"UPI_12","UPI",706000202,70600020208,"1",4,"1",1,"0",0,"0",0,"0",0,0,0,0,2.66666666666667,150,2.05833333333333,0.183541666666667,27.6595744680851,65.9574468085106,72.3404255319149,0.114375,41.6666666666667,0.333333333333333,25,1.41666666666667,31.3063063063063,17.7402777777778,69.1975632,25.6601162
"UPI_13","UPI",706000202,70600020204,"0",0,"0",0,"0",0,"1",1,"0",0,0,0.222222222222222,0,0,450,3.65833333333333,0.439375,43.75,50,56.25,0.168125,25,0.291666666666667,37.5,2.70833333333333,62.4624624624625,18.66375,81.7649384,14.4057808
"UPI_14","UPI",706000206,70600020606,"1",2,"0",0,"0",0,"0",0,"0",0,0,0,0,0.666666666666667,300,2.575,0.240212765957447,47.8260869565217,28.2608695652174,52.1739130434783,0.243191489361702,29.1666666666667,0.583333333333333,4.16666666666667,0.583333333333333,18.3183183183183,18.7827083333333,25.2236767,72.1483536
"UPI_16","UPI",706000204,70600020405,"0",0,"0",0,"0",0,"0",0,"0",0,0,0,0,0,150,1.5375,0.282222222222222,61.1111111111111,36.1111111111111,38.8888888888889,0.23,12.5,0.833333333333333,0,1.375,21.4285714285714,18.7233796296296,98.2360916,0.4850812
"UPI_18","UPI",706000205,70600020503,"1",2,"0",0,"0",0,"0",0,"1",9,0,0,2.63157894736842,0.584795321637427,342,2.9,0.159166666666667,50,43.75,50,0.0664583333333333,29.1666666666667,0.125,58.3333333333333,1.625,66.7417417417417,19.3814814814815,85.1287079,6.680882
"UPI_22","UPI",706000202,70600020205,"1",41,"0",0,"0",0,"0",0,"0",0,0,0,0,11.3888888888889,360,2.18333333333333,0.260322580645161,32.258064516129,41.9354838709677,67.741935483871,0.268387096774193,37.5,0.458333333333333,0,0.791666666666667,3.60360360360362,18.7746296296296,97.8261032,0.0007945
"UPI_26","UPI",706000202,70600020208,"1",4,"0",0,"1",2,"1",27,"0",0,0.444444444444444,6,0,0.888888888888889,450,5.72916666666667,0.281458333333333,20.8333333333333,77.0833333333333,79.1666666666667,0.37625,29.1666666666667,0.35,16.6666666666667,0.916666666666667,58.4834834834835,23.1805787037037,80.4846191,12.4863567
"UPI_27","UPI",706000204,70600020406,"0",0,"0",0,"0",0,"0",0,"0",0,0,0,0,0,360,4.04458333333333,0.39,33.3333333333333,62.5,66.6666666666667,0.407291666666667,16.6666666666667,0.714285714285714,4.16666666666667,1.29166666666667,64.7147147147147,21.5668518518519,92.6484375,3.1386724
"UPI_32","UPI",706000204,70600020406,"0",0,"0",0,"0",0,"0",0,"0",0,0,0,0,0,150,1.90833333333333,0.29,16.6666666666667,62.5,83.3333333333333,0.429583333333333,20.8333333333333,0.791666666666667,0,0.291666666666667,41.6666666666667,16.6847222222222,95.1725464,0
"UPI_34","UPI",706000203,70600020302,"1",16,"1",93,"0",0,"0",0,"1",10,0,0,2.22222222222222,3.55555555555556,450,3.2625,0.300555555555556,14.2857142857143,77.1428571428572,85.7142857142857,0.116666666666667,16.6666666666667,0.333333333333333,16.6666666666667,1.04166666666667,71.8468468468468,16.6888657407407,63.3477173,35.5497017
"UPI_35","UPI",706000205,70600020502,"1",170,"1",4,"0",0,"0",0,"1",184,0,0,40.8888888888889,37.7777777777778,450,5.925,0.347045454545455,13.6363636363636,75,86.3636363636364,0.195727272727273,29.1666666666667,0.375,16.6666666666667,0.625,28.060413354531,17.2473611111111,81.0025711,18.2874947
"UPI_36","UPI",706000204,70600020401,"0",0,"0",0,"0",0,"0",0,"0",0,0,0,0,0,150,2.375,0.250588235294118,58.8235294117647,17.6470588235294,41.1764705882353,0.311764705882353,12.5,0.791666666666667,8.33333333333333,0.916666666666667,10.8858858858859,18.2514351851852,90.6212006,8.3160257
"UPI_38","UPI",706000202,70600020205,"1",36,"0",0,"0",0,"0",0,"0",0,0,0,0,13.1868131868132,273,2.3375,0.404864864864865,43.2432432432432,37.8378378378378,56.7567567567568,0.238108108108108,8.33333333333333,0.833333333333333,8.33333333333333,0.833333333333333,4.9694856146469,18.6836111111111,92.5337143,4.9718437
"UPI_41","UPI",706000202,70600020204,"0",0,"0",0,"0",0,"1",1,"0",0,0,0.666666666666667,0,0,150,2.72083333333333,0.253714285714286,60,40,40,0.108857142857143,16.6666666666667,0.291666666666667,37.5,1.70833333333333,42.4924924924925,19.2873721296296,73.6208496,11.0559187
"UPI_48","UPI",706000204,70600020403,"0",0,"0",0,"1",17,"0",0,"0",0,4.53333333333333,0,0,0,375,3.4625,0.220444444444444,11.1111111111111,82.2222222222222,88.8888888888889,0.233555555555556,41.6666666666667,0.458333333333333,8.33333333333333,1.08333333333333,66.0660660660661,18.699537037037,81.6328583,14.5001488
"UPI_57","UPI",706000202,70600020204,"0",0,"0",0,"0",0,"0",0,"0",0,0,0,0,0,150,0.95,0.215416666666667,75,12.5,25,0.137083333333333,8.33333333333333,0.583333333333333,20.8333333333333,0.25,14.4144144144144,18.8619444444444,92.833313,1.6014369
"UPI_61","UPI",706000205,70600020503,"1",5,"0",0,"0",0,"0",0,"0",0,0,0,0,3.33333333333333,150,2.25,0.1925,16.6666666666667,75,83.3333333333333,0.178928571428571,66.6666666666667,0.0833333333333333,12.5,0.333333333333333,89.8198198198198,17.9340277777778,62.6055145,34.8816223
"UPI_75","UPI",706000202,70600020206,"0",0,"0",0,"0",0,"0",0,"0",0,0,0,0,0,150,1.7,0.29125,20.8333333333333,79.1666666666667,79.1666666666667,0.405,12.5,0.791666666666667,0,0.208333333333333,2.02702702702703,18.156087962963,94.9341354,0.0168676
"UPI_84","UPI",706000204,70600020401,"0",0,"0",0,"0",0,"0",0,"0",0,0,0,0,0,165,2.11666666666667,0.163714285714286,82.8571428571428,17.1428571428571,17.1428571428571,0.209428571428571,8.33333333333333,0.75,8.33333333333333,0.791666666666667,64.527027027027,18.9649305555556,91.6177826,7.4522662
"UPI_85","UPI",706000206,70600020604,"1",100,"1",1,"0",0,"0",0,"1",45,0,0,16.304347826087,36.231884057971,276,3.5304347826087,0.248,0,94.2857142857143,100,0.204,54.1666666666667,0.130434782608696,12.5,0.625,91.0810810810811,17.6680787037037,41.6629295,57.5264244
"UPI_86","UPI",706000203,70600020301,"1",14,"0",0,"0",0,"0",0,"0",0,0,0,0,5.18518518518519,270,2.85833333333333,0.223611111111111,10,90,90,0.231944444444444,37.5,0.333333333333333,12.5,1.66666666666667,35.7357357357357,14.5513657407407,75.464859,16.0228348
"UPI_93","UPI",706000206,70600020602,"0",0,"1",5,"0",0,"0",0,"0",0,0,0,0,0,150,1.63333333333333,0.175172413793103,22.2222222222222,66.6666666666667,77.7777777777778,0.170344827586207,29.1666666666667,0.458333333333333,16.6666666666667,0.0454545454545455,65.5405405405405,16.1285648148148,41.5553322,57.9315987
"UPI_96","UPI",706000204,70600020403,"0",0,"0",0,"1",164,"0",0,"0",0,36.4444444444444,0,0,0,450,4.8375,0.281041666666667,21.2765957446809,74.468085106383,78.7234042553191,0.291875,33.3333333333333,0.458333333333333,4.16666666666667,1.79166666666667,59.984984984985,22.2465046296296,84.6182861,8.7269726
"UPI_108","UPI",706000204,70600020405,"0",0,"0",0,"1",1,"0",0,"0",0,0.222222222222222,0,0,0,450,2.96666666666667,0.35972972972973,10.8108108108108,81.0810810810811,89.1891891891892,0.25972972972973,25,0.391304347826087,16.6666666666667,0.916666666666667,0,19.2873721296296,99.2879639,0.2732082
"UPI_109","UPI",706000205,70600020503,"1",20,"0",0,"1",1,"0",0,"0",0,0.36231884057971,0,0,7.2463768115942,276,3.77083333333333,0.229310344827586,0,92.8571428571429,100,0.237241379310345,33.3333333333333,0.5,8.33333333333333,0.625,46.6216216216216,18.9732638888889,74.9416809,24.677969
"UPI_117","UPI",706000206,70600020604,"1",93,"1",6,"0",0,"0",0,"1",23,0,0,8.51851851851852,34.4444444444444,270,3.52083333333333,0.240714285714286,21.9512195121951,73.1707317073171,78.0487804878049,0.187619047619048,29.1666666666667,0.333333333333333,20.8333333333333,0.291666666666667,32.670906200318,16.6258796296296,35.6902733,64.0907898
"UPI_118","UPI",706000202,70600020205,"0",0,"0",0,"1",13,"1",1,"0",0,2.88888888888889,0.222222222222222,0,0,450,5.4375,0.350434782608696,21.7391304347826,76.0869565217391,78.2608695652174,0.361276595744681,16.6666666666667,0.772727272727273,0,1.16666666666667,61.5615615615616,21.9840509259259,83.9352112,5.1532969
"UPI_123","UPI",706000204,70600020405,"1",18,"0",0,"0",0,"0",0,"0",0,0,0,0,4,450,4.45416666666667,0.305454545454545,6.81818181818182,90.9090909090909,93.1818181818182,0.234545454545454,29.1666666666667,0.521739130434783,8.33333333333333,1.08333333333333,88.79173290938,18.4933101851852,72.9326935,23.0814247
"UPI_128","UPI",706000204,70600020403,"0",0,"0",0,"0",0,"0",0,"0",0,0,0,0,0,450,3.17083333333333,0.299189189189189,83.7837837837838,5.40540540540541,16.2162162162162,0.26027027027027,4.16666666666667,0.791666666666667,4.16666666666667,1.25,47.3513513513513,18.5765277777778,98.7795792,1.4e-06
"UPI_130","UPI",706000205,70600020503,"1",13,"1",3,"0",0,"0",0,"1",17,0,0,4.72222222222222,3.61111111111111,360,2.925,0.285789473684211,45.945945945946,54.0540540540541,54.0540540540541,0.0673684210526316,16.6666666666667,0.208333333333333,41.6666666666667,0.416666666666667,90.990990990991,18.2037731481481,52.8709679,39.1104546
"UPI_135","UPI",706000202,70600020207,"0",0,"0",0,"0",0,"1",4,"0",0,0,1.66666666666667,0,0,240,1.40833333333333,0.218666666666667,76.6666666666667,20,23.3333333333333,0.198333333333333,20.8333333333333,0.416666666666667,25,0.583333333333333,5.85585585585585,19.2979166666667,93.3201981,4.3185711
"UPI_149","UPI",706000206,70600020602,"1",182,"1",116,"0",0,"0",0,"0",0,0,0,0,40.4444444444444,450,5.43333333333333,0.395531914893617,32.6086956521739,65.2173913043478,67.3913043478261,0.225744680851064,33.3333333333333,0.130434782608696,41.6666666666667,0.458333333333333,46.2462462462462,16.5852546296296,52.608532,43.5465355
"UPI_154","UPI",706000203,70600020302,"1",71,"1",38,"0",0,"0",0,"0",0,0,0,0,20.2279202279202,351,3.92083333333333,0.310810810810811,2.7027027027027,94.5945945945946,97.2972972972973,0.231351351351351,41.6666666666667,0.208333333333333,37.5,0.25,10.6518282988871,18.4892592592593,77.6332779,13.6107121
"UPI_156","UPI",706000202,70600020208,"1",7,"1",20,"0",0,"0",0,"0",0,0,0,0,3.43137254901961,204,3.33333333333333,0.197,15,82.5,85,0.2665,62.5,0.25,12.5,0.583333333333333,97.2222222222222,10.7275925925926,45.4363937,54.1856232
"UPI_157","UPI",706000205,70600020501,"1",159,"1",2,"0",0,"0",0,"1",23,0,0,5.11111111111111,35.3333333333333,450,5.74583333333333,0.432083333333333,45.8333333333333,50,54.1666666666667,0.178125,8.33333333333333,0.521739130434783,4.16666666666667,0.416666666666667,35.1351351351351,19.7186342592593,70.9686203,21.1315403
"UPI_163","UPI",706000205,70600020502,"1",63,"0",0,"0",0,"0",0,"1",99,0,0,55,35,180,4.34583333333333,0.247555555555556,8.88888888888889,88.8888888888889,91.1111111111111,0.135333333333333,25,0.375,25,0.5,72.8185328185328,18.1166898148148,59.1982231,40.6095695
"UPI_170","UPI",706000205,70600020503,"0",0,"0",0,"0",0,"0",0,"0",0,0,0,0,0,150,1.84583333333333,0.116666666666667,33.3333333333333,66.6666666666667,66.6666666666667,0.0875,0,0.458333333333333,54.1666666666667,0.625,95.4954954954955,19.8069907407407,30.5983658,69.2333908
"UPI_14b","UPI",706000206,70600020606,"1",20,"0",0,"0",0,"0",0,"0",0,0,0,0,6.66666666666667,300,2.57083333333333,0.339375,62.5,28.125,37.5,0.3084375,25,0.416666666666667,33.3333333333333,0,0,18.140162037037,34.1191406,64.087616
"UPI_32b","UPI",706000204,70600020406,"0",0,"0",0,"0",0,"0",0,"0",0,0,0,0,0,150,1.98333333333333,0.303421052631579,18.4210526315789,65.7894736842105,81.5789473684211,0.310263157894737,8.33333333333333,0.91304347826087,0,0.416666666666667,7.05705705705707,20.1396759259259,95.5999222,2.6046841
"UPI_57b","UPI",706000202,70600020204,"0",0,"0",0,"0",0,"1",2,"0",0,0,0.952380952380952,0,0,210,3.00833333333333,0.364411764705882,81.25,18.75,18.75,0.104411764705882,12.5,0.291666666666667,45.8333333333333,3.16666666666667,39.4144144144144,23.8612037037037,88.2332001,8.9146099
"UPI_201","UPI",706000203,70600020301,"1",50,"0",0,"0",0,"0",0,"0",0,0,0,0,17.0068027210884,294,4.625,0.171111111111111,3.7037037037037,85.1851851851852,96.2962962962963,0.253428571428571,45.8333333333333,0.291666666666667,12.5,0,68.993993993994,14.2394444444444,72.340271,19.5544434
"UPI_202","UPI",706000202,70600020204,"1",46,"0",0,"0",0,"0",0,"0",0,0,0,0,17.037037037037,270,2.85,0.202424242424242,12.1212121212121,87.8787878787879,87.8787878787879,0.512727272727273,66.6666666666667,0.304347826086957,0,0.35,67.381174277726,17.0815972222222,62.7959518,30.7904701
"YEL_1","YEL",706000109,70600010904,"1",24,"0",0,"1",1,"0",0,"0",0,0.222222222222222,0,0,5.33333333333333,450,5.99583333333333,0.324375,25,64.5833333333333,75,0.265,29.1666666666667,0.583333333333333,8.33333333333333,0.916666666666667,80.4804804804805,22.05375,93.4841156,3.7210562
"YEL_4","YEL",706000110,70600011002,"1",75,"0",0,"0",0,"0",0,"0",0,0,0,0,20.8333333333333,360,2.4,0.166285714285714,11.4285714285714,88.5714285714286,88.5714285714286,0.336,50,0.5,0,0.166666666666667,54.3243243243243,21.9464583333333,87.6966858,8.1076403
"YEL_17","YEL",706000109,70600010904,"1",1,"0",0,"0",0,"0",0,"0",0,0,0,0,0.416666666666667,240,2.17708333333333,0.3172,28,72,72,0.4924,4.16666666666667,0.91304347826087,4.16666666666667,0.166666666666667,18.4684684684685,23.1765046296296,95.0303802,1.6840376
"YEL_20","YEL",706000109,70600010905,"1",72,"0",0,"0",0,"0",0,"0",0,0,0,0,16,450,4.3875,0.225,13.0434782608696,73.9130434782609,86.9565217391304,0.191739130434783,54.1666666666667,0.166666666666667,8.33333333333333,0.708333333333333,93.4362934362934,20.9804166666667,74.9798508,19.3974342
"YEL_25","YEL",706000109,70600010901,"0",0,"1",5,"0",0,"0",0,"0",0,0,0,0,0,150,0.970833333333334,0.21,12.5,79.1666666666667,87.5,0.327083333333333,20.8333333333333,0.708333333333333,0,0,1.8018018018018,18.6203009259259,98.2294464,0
"YEL_29","YEL",706000106,70600010601,"1",2,"0",0,"0",0,"0",0,"0",0,0,0,0,1.33333333333333,150,2.65,0.231935483870968,20.6896551724138,79.3103448275862,79.3103448275862,0.191612903225806,25,0.375,16.6666666666667,0.166666666666667,57.8828828828829,23.3497453703704,78.7865143,11.331625
"YEL_36","YEL",706000109,70600010905,"0",0,"0",0,"0",0,"0",0,"0",0,0,0,0,0,162,1.8625,0.171935483870968,10.7142857142857,82.1428571428571,89.2857142857143,0.167741935483871,29.1666666666667,0.583333333333333,12.5,0.75,44.9324324324324,19.2873721296296,49.866333,34.5244102
"YEL_39","YEL",706000106,70600010602,"0",0,"0",0,"0",0,"0",0,"0",0,0,0,0,0,150,0.9125,0.349166666666667,100,0,0,0.110833333333333,0,0.208333333333333,4.16666666666667,0.541666666666667,19.8198198198198,20.3731712962963,8.0743074,2.6882932
"YEL_40","YEL",706000109,70600010904,"1",86,"0",0,"1",7,"0",0,"0",0,1.55555555555556,0,0,19.1111111111111,450,6.14583333333333,0.2475,4.54545454545455,93.1818181818182,95.4545454545454,0.366458333333333,50,0.391304347826087,8.33333333333333,0.208333333333333,38.3633633633634,22.7101157407407,81.7935562,14.6147203
"YEL_41","YEL",706000109,70600010901,"0",0,"0",0,"1",16,"0",0,"0",0,3.55555555555556,0,0,0,450,2.97826086956522,0.234285714285714,8.8235294117647,76.4705882352941,91.1764705882353,0.242,37.5,0.416666666666667,16.6666666666667,1.70833333333333,0,21.8590509259259,88.883194,8.23351
"YEL_52","YEL",706000109,70600010904,"1",1,"0",0,"0",0,"1",1,"0",0,0,0.666666666666667,0,0.666666666666667,150,1.89166666666667,0.226923076923077,11.5384615384615,69.2307692307692,88.4615384615385,0.474230769230769,29.1666666666667,0.708333333333333,0,0.833333333333333,92.5675675675676,20.7306944444444,80.2501678,9.0536451
"YEL_56","YEL",706000109,70600010905,"1",17,"0",0,"1",94,"0",0,"0",0,20.8888888888889,0,0,3.77777777777778,450,3.07916666666667,0.250571428571429,0,96.6666666666667,100,0.197714285714286,33.3333333333333,0.458333333333333,12.5,0.833333333333333,46.2462462462462,19.2873721296296,46.1051598,51.2126541
"YEL_57","YEL",706000109,70600010901,"0",0,"0",0,"0",0,"1",17,"0",0,0,11.3333333333333,0,0,150,1.39583333333333,0.283333333333333,37.5,50,62.5,0.362916666666667,16.6666666666667,0.75,0,0.333333333333333,25.6756756756757,23.8886111111111,97.7161102,0.6838439
"YEL_65","YEL",706000109,70600010901,"1",16,"0",0,"1",3,"0",0,"0",0,1.38888888888889,0,0,7.40740740740741,216,1.79583333333333,0.194444444444445,2.77777777777778,94.4444444444444,97.2222222222222,0.335277777777778,37.5,0.583333333333333,0,1,0,20.635625,91.6904831,4.9131527
"YEL_73","YEL",706000109,70600010901,"1",2,"0",0,"1",3,"1",4,"0",0,0.833333333333333,1.11111111111111,0,0.555555555555556,360,2.91666666666667,0.441481481481481,29.6296296296296,59.2592592592593,70.3703703703704,0.391851851851852,8.33333333333333,0.909090909090909,0,0.416666666666667,7.65765765765767,20.9844444444444,92.8608704,1.6613392
"YEL_77","YEL",706000108,70600010801,"1",4,"0",0,"1",62,"1",7,"0",0,36.9047619047619,4.16666666666667,0,2.38095238095238,168,2.8375,0.312727272727273,6.45161290322581,87.0967741935484,93.5483870967742,0.361515151515152,45.8333333333333,0.347826086956522,16.6666666666667,0.5,5.93093093093093,21.5436805555556,91.3974228,3.0320177
"YEL_80","YEL",706000109,70600010906,"0",0,"0",0,"0",0,"0",0,"1",6,0,0,1.33333333333333,0,450,3.35833333333333,0.210294117647059,32.3529411764706,64.7058823529412,67.6470588235294,0.12,16.6666666666667,0.291666666666667,45.8333333333333,0.666666666666667,90.2225755166932,19.2873721296296,16.2052765,83.5687485
"YEL_82","YEL",706000106,70600010602,"1",56,"0",0,"0",0,"0",0,"1",52,0,0,21.6666666666667,23.3333333333333,240,3.83333333333333,0.305227272727273,6.81818181818182,93.1818181818182,93.1818181818182,0.232272727272727,41.6666666666667,0.291666666666667,25,0.208333333333333,66.6136724960254,23.638587962963,38.1461182,61.8455505
"YEL_101","YEL",706000109,70600010901,"0",0,"0",0,"0",0,"1",9,"0",0,0,5.45454545454545,0,0,165,2.09583333333333,0.186896551724138,20.6896551724138,65.5172413793103,79.3103448275862,0.155862068965517,33.3333333333333,0.333333333333333,25,1.39130434782609,1.8018018018018,20.3228009259259,94.3425598,0.0014899
"YEL_103","YEL",706000107,70600010702,"1",5,"1",37,"0",0,"0",0,"0",0,0,0,0,1.6025641025641,312,2.60833333333333,0.157777777777778,13.8888888888889,80.5555555555556,86.1111111111111,0.228888888888889,33.3333333333333,0.434782608695652,16.6666666666667,0.5,75.3378378378378,17.9855324074074,5.2930517,94.6966782
"YEL_105","YEL",706000109,70600010902,"0",0,"0",0,"0",0,"0",0,"0",0,0,0,0,0,150,2.54166666666667,0.119714285714286,0,100,100,0.303428571428571,66.6666666666667,0.333333333333333,0,0,76.4982373678026,16.532662037037,74.811676,22.97715
"YEL_113","YEL",706000109,70600010904,"0",0,"0",0,"0",0,"0",0,"0",0,0,0,0,0,150,1.32916666666667,0.1588,24,56,76,0.318,25,0.75,0,1.66666666666667,98.1981981981982,24.0832407407407,94.8393326,3.8025002
"YEL_119","YEL",706000110,70600011001,"0",0,"0",0,"1",9,"0",0,"0",0,2.5,0,0,0,360,2.9625,0.35531914893617,91.4893617021277,6.38297872340426,8.51063829787234,0.187234042553191,8.33333333333333,0.708333333333333,16.6666666666667,0.833333333333333,0.300300300300307,19.9325462962963,28.3814011,69.4409866
"YEL_120","YEL",706000109,70600010905,"1",44,"0",0,"1",10,"0",0,"0",0,2.22222222222222,0,0,9.77777777777778,450,4.5125,0.234090909090909,50,47.7272727272727,50,0.202727272727273,25,0.5,16.6666666666667,1.20833333333333,63.4384384384384,19.2873721296296,53.3406868,41.5897789
"YEL_129","YEL",706000109,70600010904,"0",0,"0",0,"0",0,"1",1,"0",0,0,0.555555555555556,0,0,180,1.225,0.3856,8,88,92,0.3816,8.33333333333333,0.833333333333333,8.33333333333333,0.0416666666666667,15.990990990991,18.5566666666667,91.8724976,3.297807
"YEL_150","YEL",706000110,70600011001,"0",0,"0",0,"0",0,"0",0,"0",0,0,0,0,0,150,1.82083333333333,0.1548,20,64,80,0.184,41.6666666666667,0.416666666666667,4.16666666666667,0.583333333333333,37.0656370656371,18.4219444444444,32.7077255,59.7135811
"YEL_161","YEL",706000109,70600010904,"1",8,"0",0,"1",1,"1",3,"0",0,0.308641975308642,0.925925925925926,0,2.46913580246914,324,3.25,0.252162162162162,10.8108108108108,72.972972972973,89.1891891891892,0.229459459459459,25,0.458333333333333,16.6666666666667,0.916666666666667,6.98198198198199,20.0139351851852,94.3308792,2.7802911
"YEL_178","YEL",706000106,70600010602,"1",166,"0",0,"1",27,"0",0,"1",7,6,0,1.55555555555556,36.8888888888889,450,4.62916666666667,0.303888888888889,25,66.6666666666667,75,0.245,20.8333333333333,0.5,29.1666666666667,0.5,44.7993447993448,18.0572222222222,36.8638763,60.1216202
"YEL_193","YEL",706000109,70600010902,"1",187,"0",0,"0",0,"0",0,"0",0,0,0,0,41.5555555555556,450,7.5,0.375111111111111,17.7777777777778,82.2222222222222,82.2222222222222,0.315555555555556,41.6666666666667,0.291666666666667,29.1666666666667,0.791666666666667,40.4654654654655,19.7394212962963,78.6379547,16.8383675
"YEL_201","YEL",706000106,70600010601,"1",101,"0",0,"0",0,"0",0,"1",5,0,0,1.38888888888889,28.0555555555556,360,2.9125,0.329487179487179,34.2105263157895,60.5263157894737,65.7894736842105,0.222820512820513,20.8333333333333,0.416666666666667,12.5,0.625,10.731319554849,18.2513425925926,42.5711327,55.9356232
"YEL_202","YEL",706000109,70600010901,"0",0,"0",0,"0",0,"1",4,"0",0,0,2.66666666666667,0,0,150,1.41666666666667,0.280416666666667,45.8333333333333,33.3333333333333,54.1666666666667,0.0566666666666667,12.5,0.166666666666667,66.6666666666667,0.583333333333333,11.4864864864865,17.9342592592593,98.3512726,1.5149685
"YEL_203","YEL",706000109,70600010902,"1",37,"0",0,"0",0,"0",0,"0",0,0,0,0,8.22222222222222,450,6.43333333333333,0.413541666666667,12.7659574468085,76.5957446808511,87.2340425531915,0.349375,45.8333333333333,0.5,4.16666666666667,1.45833333333333,39.1891891891892,13.3194907407407,92.2485962,5.0032735
"YEL_204","YEL",706000109,70600010903,"1",156,"0",0,"0",0,"0",0,"0",0,0,0,0,34.6666666666667,450,4.54583333333333,0.419166666666667,25,75,75,0.205416666666667,20.8333333333333,0.25,50,0.916666666666667,65.6156156156156,13.6253240740741,85.4729691,12.9460535
"LMAQ_5","LMAQ",706000307,70600030703,"1",2,"0",0,"0",0,"1",18,"0",0,0,5.12820512820513,0,0.56980056980057,351,2.88333333333333,0.146111111111111,19.4444444444444,77.7777777777778,80.5555555555556,0.15,20.8333333333333,0.208333333333333,25,1.25,90.015015015015,20.3291666666667,50.6438332,47.939209
"LMAQ_48","LMAQ",706000307,70600030701,"0",0,"0",0,"0",0,"0",0,"0",0,0,0,0,0,300,2.89166666666667,0.150555555555556,12.5,59.375,87.5,0.172777777777778,66.6666666666667,0.166666666666667,8.33333333333333,1.125,83.1831831831832,19.2873721296296,8.995862,85.8652039
"LMAQ_10","LMAQ",706000307,70600030705,"0",0,"0",0,"0",0,"0",0,"0",0,0,0,0,0,183,2.9,0.131724137931035,22.2222222222222,70.3703703703704,77.7777777777778,0.19,50,0.291666666666667,20.8333333333333,1.33333333333333,96.8468468468468,16.9863425925926,29.8060303,64.7364883
"LMAQ_17","LMAQ",706000307,70600030703,"1",3,"0",0,"1",2,"1",2,"1",277,0.666666666666667,0.666666666666667,92.3333333333333,1,300,4.8,0.237234042553192,16.6666666666667,80.9523809523809,83.3333333333333,0.176382978723404,41.6666666666667,0.208333333333333,29.1666666666667,0.416666666666667,81.0810810810811,19.2873721296296,39.6410332,59.9917831
"LMAQ_28b","LMAQ",706000307,70600030703,"0",0,"0",0,"0",0,"1",1,"0",0,0,0.641025641025641,0,0,156,1.90833333333333,0.239411764705882,61.7647058823529,23.5294117647059,38.2352941176471,0.0858823529411765,8.33333333333333,0.416666666666667,33.3333333333333,0.416666666666667,56.3063063063063,66.57215,93.4284058,1.7467092
"LMAQ_24","LMAQ",706000307,70600030701,"1",28,"1",72,"0",0,"0",0,"0",0,0,0,0,9.33333333333333,300,3.47916666666667,0.244761904761905,7.5,85,92.5,0.146190476190476,29.1666666666667,0.333333333333333,33.3333333333333,0.833333333333333,92.1171171171171,18.2475462962963,34.4766541,58.1847878
"LMAQ_61","LMAQ",706000307,70600030705,"1",1,"0",0,"1",20,"0",0,"0",0,6.06060606060606,0,0,0.303030303030303,330,5.6375,0.296304347826087,19.5652173913043,73.9130434782609,80.4347826086956,0.181086956521739,25,0.416666666666667,16.6666666666667,0.625,66.8918918918919,22.6255555555556,51.0857277,44.912468
"UPI_23","UPI",706000202,70600020202,"0",0,"1",5,"0",0,"0",0,"0",0,0,0,0,0,180,2.01875,0.241578947368421,86.8421052631579,5.26315789473684,13.1578947368421,0.304473684210526,8.33333333333333,0.875,0,0.458333333333333,53.9414414414414,15.6469675925926,77.8466034,3.3422244
"UPI_25","UPI",706000202,70600020202,"0",0,"1",7,"0",0,"1",4,"0",0,0,1.02564102564103,0,0,390,3.74375,0.385744680851064,46.8085106382979,19.1489361702128,53.1914893617021,0.233404255319149,4.16666666666667,0.916666666666667,4.16666666666667,0.0833333333333333,3.30330330330331,14.7022916666667,93.1652756,0.3393331
"UPI_28","UPI",706000204,70600020401,"1",3,"0",0,"1",3,"0",0,"1",2,0.666666666666667,0,0.444444444444444,0.666666666666667,450,5.3875,0.27,10.6382978723404,87.2340425531915,89.3617021276596,0.28468085106383,41.6666666666667,0.333333333333333,20.8333333333333,0.625,59.8348348348348,18.1602546296296,76.0073166,12.1601791
"UPI_70","UPI",706000206,70600020605,"1",2,"0",0,"0",0,"0",0,"1",2,0,0,0.740740740740741,0.740740740740741,270,3.37916666666667,0.18875,46.5116279069767,51.1627906976744,53.4883720930233,0.120416666666667,12.5,0.291666666666667,12.5,0.75,82.1321321321321,18.287037037037,37.6862144,62.1048622
"UPI_73","UPI",706000206,70600020604,"1",49,"1",33,"0",0,"0",0,"1",243,0,0,69.8275862068966,14.0804597701149,348,3.05625,0.255208333333333,16.6666666666667,64.5833333333333,83.3333333333333,0.197083333333333,29.1666666666667,0.375,20.8333333333333,0.375,41.6666666666667,13.6711111111111,58.202919,40.6795349
"UPI_78","UPI",706000206,70600020606,"1",3,"0",0,"0",0,"0",0,"0",0,0,0,0,0.666666666666667,450,3.93541666666667,0.149375,76.5957446808511,17.0212765957447,23.4042553191489,0.360208333333333,20.8333333333333,0.791666666666667,0,1.16666666666667,11.2612612612613,19.4758796296296,23.7121487,74.7585602
"UPI_78b","UPI",706000206,70600020606,"1",1,"1",1,"0",0,"0",0,"0",0,0,0,0,0.666666666666667,150,1.91666666666667,0.114117647058824,44.1176470588235,35.2941176470588,55.8823529411765,0.251176470588235,29.1666666666667,0.333333333333333,25,1.54166666666667,32.016632016632,10.3484722222222,0.5363037,93.3640213
"UPI_112","UPI",706000204,70600020402,"0",0,"0",0,"1",2,"1",7,"0",0,0.757575757575758,2.65151515151515,0,0,264,3.3875,0.275208333333333,31.25,52.0833333333333,68.75,0.217708333333333,20.8333333333333,0.291666666666667,41.6666666666667,1.79166666666667,53.0780780780781,22.7942361111111,95.4528275,3.1159301
"UPI_151","UPI",706000204,70600020406,"1",45,"0",0,"0",0,"0",0,"1",1,0,0,0.222222222222222,10,450,3.91875,0.271458333333333,8.33333333333333,83.3333333333333,91.6666666666667,0.536041666666667,70.8333333333333,0.25,4.16666666666667,0.791666666666667,92.1921921921922,21.0027083333333,84.3685837,13.1353903
"UPI_153","UPI",706000202,70600020203,"0",0,"0",0,"0",0,"0",0,"1",125,0,0,49.6031746031746,0,252,11.2083333333333,0.604375,75,22.9166666666667,25,0.167083333333333,4.16666666666667,0.166666666666667,0,0.25,38.2882882882883,9.75951388888889,0.118678,99.8813248
"UPI_165","UPI",NA,NA,"0",0,"0",0,"0",0,"1",16,"0",0,0,5.33333333333333,0,0,300,4.45,0.344791666666667,42.5531914893617,27.6595744680851,57.4468085106383,0.334791666666667,16.6666666666667,0.791666666666667,4.16666666666667,0.375,5.63063063063063,19.2873721296296,89.50991,1.911236
"YEL_5","YEL",706000109,70600010905,"0",0,"0",0,"0",0,"0",0,"0",0,0,0,0,0,168,1.575,0.135652173913043,62.2222222222222,17.7777777777778,37.7777777777778,0.139782608695652,20.8333333333333,0.25,0,0.708333333333333,10.6606606606607,21.1086111111111,92.3815384,0
"YEL_9","YEL",706000109,70600010901,"0",0,"0",0,"1",2,"1",204,"0",0,0.444444444444444,45.3333333333333,0,0,450,5.74583333333333,0.233043478260869,29.1666666666667,66.6666666666667,70.8333333333333,0.246739130434783,50,0.291666666666667,4.16666666666667,0.875,28.7537537537538,20.6140277777778,94.8461838,1.7673345
"YEL_21","YEL",706000109,70600010901,"0",0,"0",0,"0",0,"0",0,"0",0,0,0,0,0,150,1.40208333333333,0.103333333333333,43.5897435897436,35.8974358974359,56.4102564102564,0.0523076923076923,25,0.5,16.6666666666667,1.08333333333333,96.3617463617464,18.8737731481481,30.7772827,67.9425278
"YEL_24","YEL",706000109,70600010905,"1",12,"0",0,"0",0,"0",0,"0",0,0,0,0,4.44444444444444,270,3.45416666666667,0.23375,6.25,66.6666666666667,93.75,0.169791666666667,29.1666666666667,0.291666666666667,12.5,0.833333333333333,72.8228228228228,18.6837268518519,87.0407562,9.9703712
"YEL_28","YEL",706000110,70600011002,"1",113,"0",0,"0",0,"0",0,"0",0,0,0,0,37.6666666666667,300,4.46875,0.21,4.16666666666667,87.5,95.8333333333333,0.282083333333333,37.5,0.333333333333333,16.6666666666667,0.583333333333333,61.4114114114114,17.2352083333333,82.1075363,14.0129747
"YEL_37","YEL",706000109,70600010901,"0",0,"0",0,"0",0,"0",0,"0",0,0,0,0,0,150,0.81875,0.189166666666667,73.9130434782609,17.3913043478261,26.0869565217391,0.161666666666667,4.16666666666667,0.75,16.6666666666667,0.625,13.1756756756757,17.2997916666667,97.5562057,0.2349563
"YEL_42","YEL",706000109,70600010905,"1",28,"0",0,"0",0,"0",0,"0",0,0,0,0,6.22222222222222,450,4.33541666666667,0.168541666666667,0,75,100,0.39375,45.8333333333333,0.5,4.16666666666667,0.666666666666667,55.1801801801802,16.1628472222222,80.0296478,18.1296501
"YEL_44","YEL",706000110,70600011002,"0",0,"0",0,"0",0,"1",39,"0",0,0,14.1304347826087,0,0,276,1.81666666666667,0.271219512195122,56.0975609756098,17.0731707317073,43.9024390243902,0.13390243902439,8.33333333333333,0.416666666666667,20.8333333333333,0.625,31.314072693383,18.2315046296296,94.245079,4.1289063
"YEL_49","YEL",706000109,70600010905,"1",5,"0",0,"1",51,"1",1,"0",0,11.6438356164384,0.228310502283105,0,1.14155251141552,438,4.475,0.242916666666667,0,72.3404255319149,100,0.497708333333333,43.4782608695652,0.521739130434783,0,0.875,56.6816816816817,22.5975462962963,87.3495483,8.8935728
"YEL_50","YEL",706000108,70600010802,"1",2,"0",0,"1",31,"1",1,"0",0,17.2222222222222,0.555555555555556,0,1.11111111111111,180,2.86458333333333,0.240444444444444,33.3333333333333,40,66.6666666666667,0.195777777777778,29.1666666666667,0.166666666666667,33.3333333333333,1.29166666666667,43.0794430794431,18.1644212962963,19.5451393,80.3038635
"YEL_53","YEL",706000109,70600010901,"0",0,"0",0,"0",0,"0",0,"0",0,0,0,0,0,150,1.07083333333333,0.200833333333333,50,41.6666666666667,50,0.175,20.8333333333333,0.625,8.33333333333333,0.916666666666667,0.450450450450447,18.2474768518519,95.8564377,0.0009706
"YEL_54","YEL",706000108,70600010801,"0",0,"0",0,"1",63,"1",65,"0",0,14,14.4444444444444,0,0,450,6.35416666666667,0.415,50,12.5,50,0.382916666666667,4.16666666666667,0.833333333333333,0,1.91666666666667,58.3333333333333,21.7840740740741,87.9351425,8.2976236
"YEL_58","YEL",706000108,70600010801,"1",4,"0",0,"1",14,"1",2,"0",0,3.11111111111111,0.444444444444444,0,0.888888888888889,450,6.86521739130435,0.341041666666667,72.9166666666667,20.8333333333333,27.0833333333333,0.289166666666667,16.6666666666667,0.458333333333333,33.3333333333333,3,26.5015015015015,22.1712268518519,75.0809097,21.3140755
"YEL_72","YEL",706000110,70600011002,"1",20,"0",0,"0",0,"0",0,"0",0,0,0,0,11.1111111111111,180,2.425,0.148409090909091,13.953488372093,76.7441860465116,86.046511627907,0.245454545454545,41.6666666666667,0.291666666666667,16.6666666666667,0.958333333333333,65.6756756756757,18.2380787037037,60.5271111,39.1107292
"YEL_81","YEL",706000109,70600010905,"1",16,"0",0,"0",0,"0",0,"0",0,0,0,0,4.16666666666667,384,3.73333333333333,0.302127659574468,17.0212765957447,59.5744680851064,82.9787234042553,0.423191489361702,20.8333333333333,0.75,4.16666666666667,0.916666666666667,14.1891891891892,19.6090740740741,95.8915939,0.3145927
"YEL_85","YEL",706000109,70600010903,"0",0,"0",0,"0",0,"1",13,"0",0,0,4.81481481481481,0,0,270,3.18125,0.309347826086957,52.1739130434783,30.4347826086957,47.8260869565217,0.224782608695652,16.6666666666667,0.541666666666667,12.5,1.16666666666667,34.2342342342342,22.76,86.9431915,7.4326973
"YEL_89","YEL",706000109,70600010901,"0",0,"0",0,"0",0,"0",0,"0",0,0,0,0,0,174,1.15833333333333,0.209583333333333,37.5,45.8333333333333,62.5,0.214583333333333,33.3333333333333,0.625,4.16666666666667,0.0833333333333333,4.95495495495496,17.7875462962963,87.7385254,4.64e-05
"YEL_97b","YEL",NA,NA,"1",349,"0",0,"0",0,"0",0,"0",0,0,0,0,96.1432506887052,363,3.46666666666667,0.188958333333333,4.16666666666667,75,95.8333333333333,0.374583333333333,50,0.416666666666667,4.16666666666667,0.333333333333333,47.972972972973,13.9122685185185,76.6585999,13.8561373
"YEL_106","YEL",706000108,70600010801,"0",0,"0",0,"0",0,"1",2,"0",0,0,0.716845878136201,0,0,279,3.03125,0.162916666666667,57.4468085106383,36.1702127659575,42.5531914893617,0.162916666666667,33.3333333333333,0.375,8.33333333333333,1.875,88.3633633633634,17.4660185185185,79.9727859,15.5419941
"YEL_109","YEL",706000109,70600010903,"0",0,"0",0,"0",0,"0",0,"0",0,0,0,0,0,201,1.85,0.243333333333333,79.1666666666667,14.5833333333333,20.8333333333333,0.0975,8.33333333333333,0.458333333333333,29.1666666666667,1.5,87.3123123123123,15.1001157407407,93.7376175,0.2115441
"YEL_118","YEL",706000108,70600010801,"0",0,"0",0,"1",3,"1",2,"0",0,1.44927536231884,0.966183574879227,0,0,207,3.54782608695652,0.247826086956522,51.1111111111111,28.8888888888889,48.8888888888889,0.0982608695652174,37.5,0.166666666666667,33.3333333333333,1.54166666666667,96.6216216216216,18.9690740740741,81.4273682,17.2362919
"YEL_118b","YEL",706000108,70600010801,"1",13,"0",0,"1",3,"0",0,"0",0,0.961538461538462,0,0,4.16666666666667,312,2.58333333333333,0.199166666666667,45.6521739130435,47.8260869565217,54.3478260869565,0.235416666666667,37.5,0.375,4.16666666666667,0.833333333333333,75.8258258258258,16.6810185185185,87.717453,11.4105396
"YEL_121","YEL",706000109,70600010901,"0",0,"0",0,"0",0,"0",0,"0",0,0,0,0,0,150,1.55625,0.117241379310345,34.4827586206897,44.8275862068966,65.5172413793103,0.214827586206897,37.5,0.375,0,1.08333333333333,26.4264264264264,18.4859722222222,91.6129227,1.9770584
"YEL_125","YEL",706000106,70600010601,"0",0,"0",0,"1",4,"0",0,"0",0,2.46913580246914,0,0,0,162,1.59375,0.286666666666667,82.9787234042553,8.51063829787234,17.0212765957447,0.18375,20.8333333333333,0.458333333333333,8.33333333333333,0.916666666666667,0,23.9355787037037,84.4813538,8.0859833
"YEL_140","YEL",706000110,70600011002,"1",58,"0",0,"0",0,"0",0,"0",0,0,0,0,19.3333333333333,300,2.84583333333333,0.183333333333333,17.0212765957447,65.9574468085106,82.9787234042553,0.308541666666667,37.5,0.375,8.33333333333333,1.95833333333333,83.5585585585586,16.87375,48.7950325,49.5317574
"YEL_153","YEL",706000109,70600010901,"0",0,"0",0,"1",1,"1",73,"0",0,0.222222222222222,16.2222222222222,0,0,450,4.8,0.381914893617021,12.7659574468085,70.2127659574468,87.2340425531915,0.233617021276596,41.6666666666667,0.208333333333333,8.33333333333333,0.75,30.5019305019305,20.4574768518519,94.9934464,1.710794
"YEL_154","YEL",706000106,70600010601,"0",0,"0",0,"1",43,"0",0,"0",0,9.55555555555556,0,0,0,450,3.42916666666667,0.227111111111111,25,47.7272727272727,75,0.0675555555555556,20.8333333333333,0.125,50,1.45833333333333,77.4244833068363,22.5996759259259,82.4076309,13.6225748
"YEL_157","YEL",706000109,70600010901,"0",0,"0",0,"0",0,"0",0,"0",0,0,0,0,0,288,2.47083333333333,0.13531914893617,36.9565217391304,52.1739130434783,63.0434782608696,0.107021276595745,45.8333333333333,0.291666666666667,8.33333333333333,1.5,97.2222222222222,15.4660648148148,94.6963882,2.9230087
"YEL_165","YEL",706000109,70600010901,"1",17,"0",0,"1",5,"1",10,"0",0,1.11111111111111,2.22222222222222,0,3.77777777777778,450,5.71458333333333,0.352291666666667,25,56.25,75,0.266458333333333,25,0.5,16.6666666666667,1.25,32.8078078078078,21.8503009259259,93.4417267,3.9886549
"YEL_168","YEL",706000110,70600011002,"1",92,"0",0,"0",0,"0",0,"0",0,0,0,0,20.4444444444444,450,3.75,0.308695652173913,20,57.7777777777778,80,0.181739130434783,12.5,0.541666666666667,12.5,0.25,73.449920508744,18.0248148148148,82.4850388,12.8519182
"YEL_169","YEL",706000109,70600010905,"0",0,"0",0,"0",0,"0",0,"0",0,0,0,0,0,150,1.15,0.141666666666667,33.3333333333333,58.3333333333333,66.6666666666667,0.297083333333333,8.33333333333333,0.75,4.16666666666667,0.0833333333333333,2.92792792792793,16.625462962963,97.73806,1.2734195
"YEL_173","YEL",706000109,70600010901,"0",0,"0",0,"0",0,"0",0,"0",0,0,0,0,0,270,2.05416666666667,0.298958333333333,59.5744680851064,36.1702127659575,40.4255319148936,0.2875,8.33333333333333,0.666666666666667,8.33333333333333,1.125,35.6606606606607,18.9626157407407,91.1076202,5.4718719
"YEL_177","YEL",706000109,70600010905,"0",0,"0",0,"0",0,"0",0,"0",0,0,0,0,0,150,1.0125,0.130416666666667,21.7391304347826,30.4347826086957,78.2608695652174,0.30875,29.1666666666667,0.625,0,0.625,11.4864864864865,22.2182175925926,94.5508347,2.9596531
"YEL_189","YEL",706000109,70600010901,"0",0,"0",0,"0",0,"0",0,"0",0,0,0,0,0,240,2.19583333333333,0.174565217391304,60.8695652173913,36.9565217391304,39.1304347826087,0.238260869565217,30.4347826086957,0.608695652173913,4.16666666666667,2.08333333333333,68.8438438438438,17.0592824074074,97.5201416,2.1779046
"YEL_190","YEL",706000108,70600010801,"1",1,"0",0,"0",0,"0",0,"0",0,0,0,0,0.396825396825397,252,2.725,0.277708333333333,40.4255319148936,44.6808510638298,59.5744680851064,0.279375,37.5,0.458333333333333,4.16666666666667,1.125,89.4894894894895,19.1830092592593,50.2751656,48.5575371
"LMAQ_8","LMAQ",706000307,70600030701,"1",37,"0",0,"0",0,"0",0,"1",2,0,0,0.666666666666667,12.3333333333333,300,3.22916666666667,0.164565217391304,4.34782608695652,71.7391304347826,95.6521739130435,0.427391304347826,45.8333333333333,0.541666666666667,0,1.95833333333333,99.3993993993994,19.5150231481481,6.6524205,90.1195068
"LMAQ_9","LMAQ",706000307,70600030703,"0",0,"0",0,"0",0,"0",0,"0",0,0,0,0,0,186,2.08125,0.586666666666667,24.390243902439,39.0243902439024,75.609756097561,0.123095238095238,20.8333333333333,0.458333333333333,29.1666666666667,0.333333333333333,55.8277027027027,21.2130324074074,1.3182127,98.6817856
"LMAQ_15","LMAQ",706000307,70600030701,"1",84,"1",1,"0",0,"0",0,"0",0,0,0,0,30.4347826086957,276,2.90625,0.211063829787234,32.6086956521739,56.5217391304348,67.3913043478261,0.316595744680851,20.8333333333333,0.458333333333333,4.16666666666667,1,75.6756756756757,19.6573611111111,36.0624123,61.2558517
"LMAQ_20","LMAQ",706000307,70600030701,"1",15,"0",0,"0",0,"1",1,"0",0,0,0.520833333333333,0,7.8125,192,2.41458333333333,0.113191489361702,0,76.5957446808511,100,0.235212765957447,66.6666666666667,0.25,8.33333333333333,0.541666666666667,96.021021021021,19.9867592592593,1.2252834,98.6865692
"LMAQ_22","LMAQ",706000307,70600030705,"0",0,"0",0,"0",0,"0",0,"0",0,0,0,0,0,150,2.24375,0.201,20,67.5,80,0.10675,37.5,0.208333333333333,29.1666666666667,1.25,79.5218295218295,21.8175694444444,43.6777534,53.7632866
"LMAQ_23","LMAQ",706000307,70600030701,"1",22,"0",0,"0",0,"0",0,"1",100,0,0,59.5238095238095,13.0952380952381,168,1.70625,0.141025641025641,12.8205128205128,74.3589743589744,87.1794871794872,0.275897435897436,50,0.375,12.5,0.208333333333333,80.2802802802803,18.6224768518519,29.4993629,70.4950867
"LMAQ_26","LMAQ",706000307,70600030701,"1",31,"0",0,"0",0,"0",0,"0",0,0,0,0,13.7777777777778,225,2.89166666666667,0.17304347826087,15.2173913043478,78.2608695652174,84.7826086956522,0.307826086956522,41.6666666666667,0.416666666666667,4.16666666666667,0.541666666666667,84.5786963434022,20.0203703703704,23.9184952,74.9590683
